complexity_cost,compute_disabled_counterparts_credits,consider_repetition_cost,creativity_gain,crossover_probability,crossover_type,default_credit,keep_parents,last_n_steps_repetition_halving_cost,learning_rate_credits,learning_rate_weights,multiplier_last_n_step_negative_repetition,mutation_probability,mutation_type,noise_probability,noise_type,nr_interactions,nr_rules,nr_steps,num_generations,parent_selection_type,patient_models_file,patient_name,patient_type,personalize,population_diversity_importance,preferences_details_file,rate_parents_mating,reassess_weights,sampling_trials,therapeutic_actions_details_file,therapies_activities_diversity_importance_ratio,trial,universes_granularity,update_arules,variables_details_file,Exp Time,Overall Avg Actual Happiness,Overall Avg Measured Happiness,MSE,Equal to Last Interaction
0,False,True,0,1,uniform,1,1,10,0.04,0.01,7,0.25,random,0,none,4000,20,1,50,sss,none,Anahita,random,True,0.5,simulation/data/preferences_PATIENTNAME.xlsx,0.8,False,1,simulation/data/therapeutic_actions_PATIENTNAME.csv,0.75,0,10,False,simulation/data/variables_simple.csv,7176.386378765106,8.872827380880357,8.872827380880357,20.18244773194329,405
0,False,True,0,1,uniform,1,1,10,0.04,0.01,7,0.25,random,0,none,4000,20,1,50,sss,none,Anahita,random,True,0.5,simulation/data/preferences_PATIENTNAME.xlsx,0.8,False,1,simulation/data/therapeutic_actions_PATIENTNAME.csv,0.75,1,10,False,simulation/data/variables_simple.csv,7271.609261751175,7.309346248776965,7.309346248776965,9.079945329523307,4
0,False,True,0,1,uniform,1,1,10,0.04,0.01,7,0.25,random,0,none,4000,20,1,50,sss,none,Anahita,random,True,0.5,simulation/data/preferences_PATIENTNAME.xlsx,0.8,False,1,simulation/data/therapeutic_actions_PATIENTNAME.csv,0.75,10,10,False,simulation/data/variables_simple.csv,7313.787599086761,8.343119646574499,8.343119646574499,15.92750230836186,5
0,False,True,0,1,uniform,1,1,10,0.04,0.01,7,0.25,random,0,none,4000,20,1,50,sss,none,Anahita,random,True,0.5,simulation/data/preferences_PATIENTNAME.xlsx,0.8,False,1,simulation/data/therapeutic_actions_PATIENTNAME.csv,0.75,11,10,False,simulation/data/variables_simple.csv,7181.998834848404,9.027948052936392,9.027948052936392,20.92313512345616,5
0,False,True,0,1,uniform,1,1,10,0.04,0.01,7,0.25,random,0,none,4000,20,1,50,sss,none,Anahita,random,True,0.5,simulation/data/preferences_PATIENTNAME.xlsx,0.8,False,1,simulation/data/therapeutic_actions_PATIENTNAME.csv,0.75,12,10,False,simulation/data/variables_simple.csv,7306.553167819977,8.542585910102714,8.542585910102714,18.6570270495722,4
0,False,True,0,1,uniform,1,1,10,0.04,0.01,7,0.25,random,0,none,4000,20,1,50,sss,none,Anahita,random,True,0.5,simulation/data/preferences_PATIENTNAME.xlsx,0.8,False,1,simulation/data/therapeutic_actions_PATIENTNAME.csv,0.75,13,10,False,simulation/data/variables_simple.csv,7232.130740404129,8.476235565341266,8.476235565341266,19.25848234995482,17
0,False,True,0,1,uniform,1,1,10,0.04,0.01,7,0.25,random,0,none,4000,20,1,50,sss,none,Anahita,random,True,0.5,simulation/data/preferences_PATIENTNAME.xlsx,0.8,False,1,simulation/data/therapeutic_actions_PATIENTNAME.csv,0.75,14,10,False,simulation/data/variables_simple.csv,7266.767792463303,5.793132429617163,5.793132429617163,6.851087132108491,405
0,False,True,0,1,uniform,1,1,10,0.04,0.01,7,0.25,random,0,none,4000,20,1,50,sss,none,Anahita,random,True,0.5,simulation/data/preferences_PATIENTNAME.xlsx,0.8,False,1,simulation/data/therapeutic_actions_PATIENTNAME.csv,0.75,15,10,False,simulation/data/variables_simple.csv,7114.066985607147,8.617867443511384,8.617867443511384,16.28961304411261,10
0,False,True,0,1,uniform,1,1,10,0.04,0.01,7,0.25,random,0,none,4000,20,1,50,sss,none,Anahita,random,True,0.5,simulation/data/preferences_PATIENTNAME.xlsx,0.8,False,1,simulation/data/therapeutic_actions_PATIENTNAME.csv,0.75,16,10,False,simulation/data/variables_simple.csv,7251.20836520195,8.339712169408404,8.339712169408404,18.76842031131592,485
0,False,True,0,1,uniform,1,1,10,0.04,0.01,7,0.25,random,0,none,4000,20,1,50,sss,none,Anahita,random,True,0.5,simulation/data/preferences_PATIENTNAME.xlsx,0.8,False,1,simulation/data/therapeutic_actions_PATIENTNAME.csv,0.75,17,10,False,simulation/data/variables_simple.csv,7517.703542709351,8.467877117455295,8.467877117455295,18.33540183636842,4
0,False,True,0,1,uniform,1,1,10,0.04,0.01,7,0.25,random,0,none,4000,20,1,50,sss,none,Anahita,random,True,0.5,simulation/data/preferences_PATIENTNAME.xlsx,0.8,False,1,simulation/data/therapeutic_actions_PATIENTNAME.csv,0.75,18,10,False,simulation/data/variables_simple.csv,7182.425487756729,7.353179421572291,7.353179421572291,10.05776614350912,15
0,False,True,0,1,uniform,1,1,10,0.04,0.01,7,0.25,random,0,none,4000,20,1,50,sss,none,Anahita,random,True,0.5,simulation/data/preferences_PATIENTNAME.xlsx,0.8,False,1,simulation/data/therapeutic_actions_PATIENTNAME.csv,0.75,19,10,False,simulation/data/variables_simple.csv,7242.396457910538,8.138035795717899,8.138035795717899,15.42848388480437,663
0,False,True,0,1,uniform,1,1,10,0.04,0.01,7,0.25,random,0,none,4000,20,1,50,sss,none,Anahita,random,True,0.5,simulation/data/preferences_PATIENTNAME.xlsx,0.8,False,1,simulation/data/therapeutic_actions_PATIENTNAME.csv,0.75,2,10,False,simulation/data/variables_simple.csv,7292.197052717209,8.19879325903097,8.19879325903097,15.3630181514508,496
0,False,True,0,1,uniform,1,1,10,0.04,0.01,7,0.25,random,0,none,4000,20,1,50,sss,none,Anahita,random,True,0.5,simulation/data/preferences_PATIENTNAME.xlsx,0.8,False,1,simulation/data/therapeutic_actions_PATIENTNAME.csv,0.75,3,10,False,simulation/data/variables_simple.csv,7160.344053030014,8.914133868776434,8.914133868776434,20.21544784947003,4
0,False,True,0,1,uniform,1,1,10,0.04,0.01,7,0.25,random,0,none,4000,20,1,50,sss,none,Anahita,random,True,0.5,simulation/data/preferences_PATIENTNAME.xlsx,0.8,False,1,simulation/data/therapeutic_actions_PATIENTNAME.csv,0.75,4,10,False,simulation/data/variables_simple.csv,7207.011303663254,8.240027169054168,8.240027169054168,15.10092932875026,5
0,False,True,0,1,uniform,1,1,10,0.04,0.01,7,0.25,random,0,none,4000,20,1,50,sss,none,Anahita,random,True,0.5,simulation/data/preferences_PATIENTNAME.xlsx,0.8,False,1,simulation/data/therapeutic_actions_PATIENTNAME.csv,0.75,5,10,False,simulation/data/variables_simple.csv,7070.215696334839,8.834831450011468,8.834831450011468,20.07341352633463,469
0,False,True,0,1,uniform,1,1,10,0.04,0.01,7,0.25,random,0,none,4000,20,1,50,sss,none,Anahita,random,True,0.5,simulation/data/preferences_PATIENTNAME.xlsx,0.8,False,1,simulation/data/therapeutic_actions_PATIENTNAME.csv,0.75,6,10,False,simulation/data/variables_simple.csv,7202.198270797729,8.494347766920404,8.494347766920404,18.01562763595347,529
0,False,True,0,1,uniform,1,1,10,0.04,0.01,7,0.25,random,0,none,4000,20,1,50,sss,none,Anahita,random,True,0.5,simulation/data/preferences_PATIENTNAME.xlsx,0.8,False,1,simulation/data/therapeutic_actions_PATIENTNAME.csv,0.75,7,10,False,simulation/data/variables_simple.csv,7360.372516155243,8.298680553033591,8.298680553033591,18.3259704459528,3
0,False,True,0,1,uniform,1,1,10,0.04,0.01,7,0.25,random,0,none,4000,20,1,50,sss,none,Anahita,random,True,0.5,simulation/data/preferences_PATIENTNAME.xlsx,0.8,False,1,simulation/data/therapeutic_actions_PATIENTNAME.csv,0.75,8,10,False,simulation/data/variables_simple.csv,7291.647193670273,8.66766009841405,8.66766009841405,18.44546637280393,14
0,False,True,0,1,uniform,1,1,10,0.04,0.01,7,0.25,random,0,none,4000,20,1,50,sss,none,Anahita,random,True,0.5,simulation/data/preferences_PATIENTNAME.xlsx,0.8,False,1,simulation/data/therapeutic_actions_PATIENTNAME.csv,0.75,9,10,False,simulation/data/variables_simple.csv,7334.387740135193,8.41084789348966,8.41084789348966,17.96585945272691,10
0,False,True,0,1,uniform,1,1,10,0.04,0.01,7,0.25,random,0,none,4000,20,1,50,sss,none,Anahita,random,True,0.5,simulation/data/preferences_PATIENTNAME.xlsx,0.8,False,1,simulation/data/therapeutic_actions_PATIENTNAME.csv,0.75,0,10,False,simulation/data/variables_simple.csv,7335.331236362457,9.021783582183511,9.021783582183511,20.90264885038204,776
0,False,True,0,1,uniform,1,1,10,0.04,0.01,7,0.25,random,0,none,4000,20,1,50,sss,none,Anahita,random,True,0.5,simulation/data/preferences_PATIENTNAME.xlsx,0.8,False,1,simulation/data/therapeutic_actions_PATIENTNAME.csv,0.75,1,10,False,simulation/data/variables_simple.csv,7274.307075977325,6.890971775723299,6.890971775723299,6.691292664850311,2
0,False,True,0,1,uniform,1,1,10,0.04,0.01,7,0.25,random,0,none,4000,20,1,50,sss,none,Anahita,random,True,0.5,simulation/data/preferences_PATIENTNAME.xlsx,0.8,False,1,simulation/data/therapeutic_actions_PATIENTNAME.csv,0.75,10,10,False,simulation/data/variables_simple.csv,7200.495745658875,8.26818752511548,8.26818752511548,14.64102964214906,4
0,False,True,0,1,uniform,1,1,10,0.04,0.01,7,0.25,random,0,none,4000,20,1,50,sss,none,Anahita,random,True,0.5,simulation/data/preferences_PATIENTNAME.xlsx,0.8,False,1,simulation/data/therapeutic_actions_PATIENTNAME.csv,0.75,11,10,False,simulation/data/variables_simple.csv,7230.237370491028,8.952360545013807,8.952360545013807,20.49356416721284,5
0,False,True,0,1,uniform,1,1,10,0.04,0.01,7,0.25,random,0,none,4000,20,1,50,sss,none,Anahita,random,True,0.5,simulation/data/preferences_PATIENTNAME.xlsx,0.8,False,1,simulation/data/therapeutic_actions_PATIENTNAME.csv,0.75,12,10,False,simulation/data/variables_simple.csv,7194.349168300629,8.311281507572126,8.311281507572126,17.89165534070144,582
0,False,True,0,1,uniform,1,1,10,0.04,0.01,7,0.25,random,0,none,4000,20,1,50,sss,none,Anahita,random,True,0.5,simulation/data/preferences_PATIENTNAME.xlsx,0.8,False,1,simulation/data/therapeutic_actions_PATIENTNAME.csv,0.75,13,10,False,simulation/data/variables_simple.csv,7360.536882400513,8.778616803128413,8.778616803128413,20.1675120778097,0
0,False,True,0,1,uniform,1,1,10,0.04,0.01,7,0.25,random,0,none,4000,20,1,50,sss,none,Anahita,random,True,0.5,simulation/data/preferences_PATIENTNAME.xlsx,0.8,False,1,simulation/data/therapeutic_actions_PATIENTNAME.csv,0.75,14,10,False,simulation/data/variables_simple.csv,7235.560166120529,6.093828974646748,6.093828974646748,6.575213012725128,11
0,False,True,0,1,uniform,1,1,10,0.04,0.01,7,0.25,random,0,none,4000,20,1,50,sss,none,Anahita,random,True,0.5,simulation/data/preferences_PATIENTNAME.xlsx,0.8,False,1,simulation/data/therapeutic_actions_PATIENTNAME.csv,0.75,15,10,False,simulation/data/variables_simple.csv,7251.71448969841,8.575549616543643,8.575549616543643,17.75672541192988,8
0,False,True,0,1,uniform,1,1,10,0.04,0.01,7,0.25,random,0,none,4000,20,1,50,sss,none,Anahita,random,True,0.5,simulation/data/preferences_PATIENTNAME.xlsx,0.8,False,1,simulation/data/therapeutic_actions_PATIENTNAME.csv,0.75,16,10,False,simulation/data/variables_simple.csv,7263.325552940369,8.608570456926728,8.608570456926728,19.77445296139415,3
0,False,True,0,1,uniform,1,1,10,0.04,0.01,7,0.25,random,0,none,4000,20,1,50,sss,none,Anahita,random,True,0.5,simulation/data/preferences_PATIENTNAME.xlsx,0.8,False,1,simulation/data/therapeutic_actions_PATIENTNAME.csv,0.75,17,10,False,simulation/data/variables_simple.csv,7339.782650709152,8.309980254306145,8.309980254306145,17.81418100233662,6
0,False,True,0,1,uniform,1,1,10,0.04,0.01,7,0.25,random,0,none,4000,20,1,50,sss,none,Anahita,random,True,0.5,simulation/data/preferences_PATIENTNAME.xlsx,0.8,False,1,simulation/data/therapeutic_actions_PATIENTNAME.csv,0.75,18,10,False,simulation/data/variables_simple.csv,7230.248971700668,7.101931810177871,7.101931810177871,8.098189577820138,6
0,False,True,0,1,uniform,1,1,10,0.04,0.01,7,0.25,random,0,none,4000,20,1,50,sss,none,Anahita,random,True,0.5,simulation/data/preferences_PATIENTNAME.xlsx,0.8,False,1,simulation/data/therapeutic_actions_PATIENTNAME.csv,0.75,19,10,False,simulation/data/variables_simple.csv,7165.636668920517,8.317939980771017,8.317939980771017,15.97008288703621,338
0,False,True,0,1,uniform,1,1,10,0.04,0.01,7,0.25,random,0,none,4000,20,1,50,sss,none,Anahita,random,True,0.5,simulation/data/preferences_PATIENTNAME.xlsx,0.8,False,1,simulation/data/therapeutic_actions_PATIENTNAME.csv,0.75,2,10,False,simulation/data/variables_simple.csv,7177.434652805328,8.541079022190871,8.541079022190871,16.40833507175109,737
0,False,True,0,1,uniform,1,1,10,0.04,0.01,7,0.25,random,0,none,4000,20,1,50,sss,none,Anahita,random,True,0.5,simulation/data/preferences_PATIENTNAME.xlsx,0.8,False,1,simulation/data/therapeutic_actions_PATIENTNAME.csv,0.75,3,10,False,simulation/data/variables_simple.csv,7317.184675455093,8.966317667488587,8.966317667488587,20.15380780251201,1
0,False,True,0,1,uniform,1,1,10,0.04,0.01,7,0.25,random,0,none,4000,20,1,50,sss,none,Anahita,random,True,0.5,simulation/data/preferences_PATIENTNAME.xlsx,0.8,False,1,simulation/data/therapeutic_actions_PATIENTNAME.csv,0.75,4,10,False,simulation/data/variables_simple.csv,7260.429018735886,8.149426486905423,8.149426486905423,13.94663885692952,39
0,False,True,0,1,uniform,1,1,10,0.04,0.01,7,0.25,random,0,none,4000,20,1,50,sss,none,Anahita,random,True,0.5,simulation/data/preferences_PATIENTNAME.xlsx,0.8,False,1,simulation/data/therapeutic_actions_PATIENTNAME.csv,0.75,5,10,False,simulation/data/variables_simple.csv,7234.778552293777,8.677783881745144,8.677783881745144,20.63800943278388,691
0,False,True,0,1,uniform,1,1,10,0.04,0.01,7,0.25,random,0,none,4000,20,1,50,sss,none,Anahita,random,True,0.5,simulation/data/preferences_PATIENTNAME.xlsx,0.8,False,1,simulation/data/therapeutic_actions_PATIENTNAME.csv,0.75,6,10,False,simulation/data/variables_simple.csv,7284.748033761978,8.409627619070852,8.409627619070852,17.53438299339191,597
0,False,True,0,1,uniform,1,1,10,0.04,0.01,7,0.25,random,0,none,4000,20,1,50,sss,none,Anahita,random,True,0.5,simulation/data/preferences_PATIENTNAME.xlsx,0.8,False,1,simulation/data/therapeutic_actions_PATIENTNAME.csv,0.75,7,10,False,simulation/data/variables_simple.csv,7376.695358514786,8.357722396326212,8.357722396326212,18.1805352499355,10
0,False,True,0,1,uniform,1,1,10,0.04,0.01,7,0.25,random,0,none,4000,20,1,50,sss,none,Anahita,random,True,0.5,simulation/data/preferences_PATIENTNAME.xlsx,0.8,False,1,simulation/data/therapeutic_actions_PATIENTNAME.csv,0.75,8,10,False,simulation/data/variables_simple.csv,7208.668425321579,8.867819895935266,8.867819895935266,19.32546053655833,6
0,False,True,0,1,uniform,1,1,10,0.04,0.01,7,0.25,random,0,none,4000,20,1,50,sss,none,Anahita,random,True,0.5,simulation/data/preferences_PATIENTNAME.xlsx,0.8,False,1,simulation/data/therapeutic_actions_PATIENTNAME.csv,0.75,9,10,False,simulation/data/variables_simple.csv,7224.464726448059,8.816631494510093,8.816631494510093,19.83178165224424,1
0,False,True,0,1,uniform,1,1,10,0.04,0.01,7,0.25,random,0,none,4000,20,1,50,sss,none,Anahita,random,True,0.5,simulation/data/preferences_PATIENTNAME.xlsx,0.8,False,1,simulation/data/therapeutic_actions_PATIENTNAME.csv,0.75,0,10,False,simulation/data/variables_simple.csv,7133.942314386368,9.234237173858096,9.234237173858096,21.76528247450886,645
0,False,True,0,1,uniform,1,1,10,0.04,0.01,7,0.25,random,0,none,4000,20,1,50,sss,none,Anahita,random,True,0.5,simulation/data/preferences_PATIENTNAME.xlsx,0.8,False,1,simulation/data/therapeutic_actions_PATIENTNAME.csv,0.75,1,10,False,simulation/data/variables_simple.csv,7110.651838541031,7.14874745316493,7.14874745316493,8.597166340822007,24
0,False,True,0,1,uniform,1,1,10,0.04,0.01,7,0.25,random,0,none,4000,20,1,50,sss,none,Anahita,random,True,0.5,simulation/data/preferences_PATIENTNAME.xlsx,0.8,False,1,simulation/data/therapeutic_actions_PATIENTNAME.csv,0.75,10,10,False,simulation/data/variables_simple.csv,7178.60360956192,8.092105718567353,8.092105718567353,15.59257730916577,13
0,False,True,0,1,uniform,1,1,10,0.04,0.01,7,0.25,random,0,none,4000,20,1,50,sss,none,Anahita,random,True,0.5,simulation/data/preferences_PATIENTNAME.xlsx,0.8,False,1,simulation/data/therapeutic_actions_PATIENTNAME.csv,0.75,11,10,False,simulation/data/variables_simple.csv,7133.358394622803,9.026572860604782,9.026572860604782,21.24483641453204,9
0,False,True,0,1,uniform,1,1,10,0.04,0.01,7,0.25,random,0,none,4000,20,1,50,sss,none,Anahita,random,True,0.5,simulation/data/preferences_PATIENTNAME.xlsx,0.8,False,1,simulation/data/therapeutic_actions_PATIENTNAME.csv,0.75,12,10,False,simulation/data/variables_simple.csv,7281.099911212921,8.432365352763217,8.432365352763217,18.03247320077799,15
0,False,True,0,1,uniform,1,1,10,0.04,0.01,7,0.25,random,0,none,4000,20,1,50,sss,none,Anahita,random,True,0.5,simulation/data/preferences_PATIENTNAME.xlsx,0.8,False,1,simulation/data/therapeutic_actions_PATIENTNAME.csv,0.75,13,10,False,simulation/data/variables_simple.csv,7249.706738948822,8.636010836406374,8.636010836406374,19.54563628178953,2
0,False,True,0,1,uniform,1,1,10,0.04,0.01,7,0.25,random,0,none,4000,20,1,50,sss,none,Anahita,random,True,0.5,simulation/data/preferences_PATIENTNAME.xlsx,0.8,False,1,simulation/data/therapeutic_actions_PATIENTNAME.csv,0.75,14,10,False,simulation/data/variables_simple.csv,7392.607259273529,5.626082150755557,5.626082150755557,6.360650782225385,2
0,False,True,0,1,uniform,1,1,10,0.04,0.01,7,0.25,random,0,none,4000,20,1,50,sss,none,Anahita,random,True,0.5,simulation/data/preferences_PATIENTNAME.xlsx,0.8,False,1,simulation/data/therapeutic_actions_PATIENTNAME.csv,0.75,15,10,False,simulation/data/variables_simple.csv,7268.524146080017,8.338232216792582,8.338232216792582,16.16226382869896,15
0,False,True,0,1,uniform,1,1,10,0.04,0.01,7,0.25,random,0,none,4000,20,1,50,sss,none,Anahita,random,True,0.5,simulation/data/preferences_PATIENTNAME.xlsx,0.8,False,1,simulation/data/therapeutic_actions_PATIENTNAME.csv,0.75,16,10,False,simulation/data/variables_simple.csv,7286.06591963768,8.807509001484194,8.807509001484194,20.76752813154432,531
0,False,True,0,1,uniform,1,1,10,0.04,0.01,7,0.25,random,0,none,4000,20,1,50,sss,none,Anahita,random,True,0.5,simulation/data/preferences_PATIENTNAME.xlsx,0.8,False,1,simulation/data/therapeutic_actions_PATIENTNAME.csv,0.75,17,10,False,simulation/data/variables_simple.csv,7293.027049779892,8.55802100074396,8.55802100074396,18.33797742791622,7
0,False,True,0,1,uniform,1,1,10,0.04,0.01,7,0.25,random,0,none,4000,20,1,50,sss,none,Anahita,random,True,0.5,simulation/data/preferences_PATIENTNAME.xlsx,0.8,False,1,simulation/data/therapeutic_actions_PATIENTNAME.csv,0.75,18,10,False,simulation/data/variables_simple.csv,7275.161091089249,7.652501063165328,7.652501063165328,10.91377182465896,13
0,False,True,0,1,uniform,1,1,10,0.04,0.01,7,0.25,random,0,none,4000,20,1,50,sss,none,Anahita,random,True,0.5,simulation/data/preferences_PATIENTNAME.xlsx,0.8,False,1,simulation/data/therapeutic_actions_PATIENTNAME.csv,0.75,19,10,False,simulation/data/variables_simple.csv,7253.577446222305,8.370700225188072,8.370700225188072,16.30836857690307,307
0,False,True,0,1,uniform,1,1,10,0.04,0.01,7,0.25,random,0,none,4000,20,1,50,sss,none,Anahita,random,True,0.5,simulation/data/preferences_PATIENTNAME.xlsx,0.8,False,1,simulation/data/therapeutic_actions_PATIENTNAME.csv,0.75,2,10,False,simulation/data/variables_simple.csv,7177.50190615654,8.183915954746135,8.183915954746135,14.59720535109975,433
0,False,True,0,1,uniform,1,1,10,0.04,0.01,7,0.25,random,0,none,4000,20,1,50,sss,none,Anahita,random,True,0.5,simulation/data/preferences_PATIENTNAME.xlsx,0.8,False,1,simulation/data/therapeutic_actions_PATIENTNAME.csv,0.75,3,10,False,simulation/data/variables_simple.csv,7180.663739204407,8.76791256266875,8.76791256266875,19.62255372413568,11
0,False,True,0,1,uniform,1,1,10,0.04,0.01,7,0.25,random,0,none,4000,20,1,50,sss,none,Anahita,random,True,0.5,simulation/data/preferences_PATIENTNAME.xlsx,0.8,False,1,simulation/data/therapeutic_actions_PATIENTNAME.csv,0.75,4,10,False,simulation/data/variables_simple.csv,7228.063233613968,8.118237656750145,8.118237656750145,13.45098168259268,1
0,False,True,0,1,uniform,1,1,10,0.04,0.01,7,0.25,random,0,none,4000,20,1,50,sss,none,Anahita,random,True,0.5,simulation/data/preferences_PATIENTNAME.xlsx,0.8,False,1,simulation/data/therapeutic_actions_PATIENTNAME.csv,0.75,5,10,False,simulation/data/variables_simple.csv,7277.806292295456,8.549217997691754,8.549217997691754,18.9837985741909,446
0,False,True,0,1,uniform,1,1,10,0.04,0.01,7,0.25,random,0,none,4000,20,1,50,sss,none,Anahita,random,True,0.5,simulation/data/preferences_PATIENTNAME.xlsx,0.8,False,1,simulation/data/therapeutic_actions_PATIENTNAME.csv,0.75,6,10,False,simulation/data/variables_simple.csv,7245.437048196793,8.816503802876067,8.816503802876067,19.85543427660532,714
0,False,True,0,1,uniform,1,1,10,0.04,0.01,7,0.25,random,0,none,4000,20,1,50,sss,none,Anahita,random,True,0.5,simulation/data/preferences_PATIENTNAME.xlsx,0.8,False,1,simulation/data/therapeutic_actions_PATIENTNAME.csv,0.75,7,10,False,simulation/data/variables_simple.csv,7174.847529172897,8.67185960176185,8.67185960176185,19.98412895629949,4
0,False,True,0,1,uniform,1,1,10,0.04,0.01,7,0.25,random,0,none,4000,20,1,50,sss,none,Anahita,random,True,0.5,simulation/data/preferences_PATIENTNAME.xlsx,0.8,False,1,simulation/data/therapeutic_actions_PATIENTNAME.csv,0.75,8,10,False,simulation/data/variables_simple.csv,7266.859647035599,8.760867058040741,8.760867058040741,18.84773044444481,3
0,False,True,0,1,uniform,1,1,10,0.04,0.01,7,0.25,random,0,none,4000,20,1,50,sss,none,Anahita,random,True,0.5,simulation/data/preferences_PATIENTNAME.xlsx,0.8,False,1,simulation/data/therapeutic_actions_PATIENTNAME.csv,0.75,9,10,False,simulation/data/variables_simple.csv,7197.664911985397,8.371826895691276,8.371826895691276,17.55681630984295,6
0,False,True,0,1,uniform,1,1,10,0.04,0.01,7,0.25,random,0,none,4000,20,1,50,sss,none,Anahita,random,True,0.5,simulation/data/preferences_PATIENTNAME.xlsx,0.8,False,1,simulation/data/therapeutic_actions_PATIENTNAME.csv,0.75,0,10,False,simulation/data/variables_simple.csv,11983.04269051552,8.68934079592474,8.68934079592474,18.94984024320395,451
0,False,True,0,1,uniform,1,1,10,0.04,0.01,7,0.25,random,0,none,4000,20,1,50,sss,none,Anahita,random,True,0.5,simulation/data/preferences_PATIENTNAME.xlsx,0.8,False,1,simulation/data/therapeutic_actions_PATIENTNAME.csv,0.75,1,10,False,simulation/data/variables_simple.csv,12135.68008327484,7.454351768077668,7.454351768077668,10.36201426877019,10
0,False,True,0,1,uniform,1,1,10,0.04,0.01,7,0.25,random,0,none,4000,20,1,50,sss,none,Anahita,random,True,0.5,simulation/data/preferences_PATIENTNAME.xlsx,0.8,False,1,simulation/data/therapeutic_actions_PATIENTNAME.csv,0.75,10,10,False,simulation/data/variables_simple.csv,11992.715290308,8.036393264678765,8.036393264678765,14.9588813209726,3
0,False,True,0,1,uniform,1,1,10,0.04,0.01,7,0.25,random,0,none,4000,20,1,50,sss,none,Anahita,random,True,0.5,simulation/data/preferences_PATIENTNAME.xlsx,0.8,False,1,simulation/data/therapeutic_actions_PATIENTNAME.csv,0.75,11,10,False,simulation/data/variables_simple.csv,11760.78489613533,8.972493880947077,8.972493880947077,21.24954089767496,11
0,False,True,0,1,uniform,1,1,10,0.04,0.01,7,0.25,random,0,none,4000,20,1,50,sss,none,Anahita,random,True,0.5,simulation/data/preferences_PATIENTNAME.xlsx,0.8,False,1,simulation/data/therapeutic_actions_PATIENTNAME.csv,0.75,12,10,False,simulation/data/variables_simple.csv,11796.25596809387,8.67214687815993,8.67214687815993,19.66752769575801,8
0,False,True,0,1,uniform,1,1,10,0.04,0.01,7,0.25,random,0,none,4000,20,1,50,sss,none,Anahita,random,True,0.5,simulation/data/preferences_PATIENTNAME.xlsx,0.8,False,1,simulation/data/therapeutic_actions_PATIENTNAME.csv,0.75,13,10,False,simulation/data/variables_simple.csv,11906.98123764992,8.769168662398265,8.769168662398265,20.09944200699642,7
0,False,True,0,1,uniform,1,1,10,0.04,0.01,7,0.25,random,0,none,4000,20,1,50,sss,none,Anahita,random,True,0.5,simulation/data/preferences_PATIENTNAME.xlsx,0.8,False,1,simulation/data/therapeutic_actions_PATIENTNAME.csv,0.75,14,10,False,simulation/data/variables_simple.csv,12045.90439677238,6.128277243604577,6.128277243604577,6.818010202631638,7
0,False,True,0,1,uniform,1,1,10,0.04,0.01,7,0.25,random,0,none,4000,20,1,50,sss,none,Anahita,random,True,0.5,simulation/data/preferences_PATIENTNAME.xlsx,0.8,False,1,simulation/data/therapeutic_actions_PATIENTNAME.csv,0.75,15,10,False,simulation/data/variables_simple.csv,12209.71499824524,8.282626844056418,8.282626844056418,15.80190147052766,39
0,False,True,0,1,uniform,1,1,10,0.04,0.01,7,0.25,random,0,none,4000,20,1,50,sss,none,Anahita,random,True,0.5,simulation/data/preferences_PATIENTNAME.xlsx,0.8,False,1,simulation/data/therapeutic_actions_PATIENTNAME.csv,0.75,16,10,False,simulation/data/variables_simple.csv,12002.70141434669,8.830824291340218,8.830824291340218,20.50291633478167,0
0,False,True,0,1,uniform,1,1,10,0.04,0.01,7,0.25,random,0,none,4000,20,1,50,sss,none,Anahita,random,True,0.5,simulation/data/preferences_PATIENTNAME.xlsx,0.8,False,1,simulation/data/therapeutic_actions_PATIENTNAME.csv,0.75,17,10,False,simulation/data/variables_simple.csv,11815.58702468872,8.459183450839568,8.459183450839568,18.5833192325887,4
0,False,True,0,1,uniform,1,1,10,0.04,0.01,7,0.25,random,0,none,4000,20,1,50,sss,none,Anahita,random,True,0.5,simulation/data/preferences_PATIENTNAME.xlsx,0.8,False,1,simulation/data/therapeutic_actions_PATIENTNAME.csv,0.75,18,10,False,simulation/data/variables_simple.csv,11778.55453157425,7.146565136701421,7.146565136701421,8.78203722638331,17
0,False,True,0,1,uniform,1,1,10,0.04,0.01,7,0.25,random,0,none,4000,20,1,50,sss,none,Anahita,random,True,0.5,simulation/data/preferences_PATIENTNAME.xlsx,0.8,False,1,simulation/data/therapeutic_actions_PATIENTNAME.csv,0.75,19,10,False,simulation/data/variables_simple.csv,12001.02740573883,7.90966877845533,7.90966877845533,14.3643368286512,260
0,False,True,0,1,uniform,1,1,10,0.04,0.01,7,0.25,random,0,none,4000,20,1,50,sss,none,Anahita,random,True,0.5,simulation/data/preferences_PATIENTNAME.xlsx,0.8,False,1,simulation/data/therapeutic_actions_PATIENTNAME.csv,0.75,2,10,False,simulation/data/variables_simple.csv,12075.69517254829,8.500822602837754,8.500822602837754,17.3119827478252,502
0,False,True,0,1,uniform,1,1,10,0.04,0.01,7,0.25,random,0,none,4000,20,1,50,sss,none,Anahita,random,True,0.5,simulation/data/preferences_PATIENTNAME.xlsx,0.8,False,1,simulation/data/therapeutic_actions_PATIENTNAME.csv,0.75,3,10,False,simulation/data/variables_simple.csv,11690.2846968174,8.975529983007055,8.975529983007055,20.34327339943554,1
0,False,True,0,1,uniform,1,1,10,0.04,0.01,7,0.25,random,0,none,4000,20,1,50,sss,none,Anahita,random,True,0.5,simulation/data/preferences_PATIENTNAME.xlsx,0.8,False,1,simulation/data/therapeutic_actions_PATIENTNAME.csv,0.75,4,10,False,simulation/data/variables_simple.csv,11732.94855880737,8.085280105807522,8.085280105807522,13.16078653460155,3
0,False,True,0,1,uniform,1,1,10,0.04,0.01,7,0.25,random,0,none,4000,20,1,50,sss,none,Anahita,random,True,0.5,simulation/data/preferences_PATIENTNAME.xlsx,0.8,False,1,simulation/data/therapeutic_actions_PATIENTNAME.csv,0.75,5,10,False,simulation/data/variables_simple.csv,12100.34350419044,8.66645164998118,8.66645164998118,19.8072773382543,674
0,False,True,0,1,uniform,1,1,10,0.04,0.01,7,0.25,random,0,none,4000,20,1,50,sss,none,Anahita,random,True,0.5,simulation/data/preferences_PATIENTNAME.xlsx,0.8,False,1,simulation/data/therapeutic_actions_PATIENTNAME.csv,0.75,6,10,False,simulation/data/variables_simple.csv,12034.16655421257,9.038119562877633,9.038119562877633,21.35412001877305,669
0,False,True,0,1,uniform,1,1,10,0.04,0.01,7,0.25,random,0,none,4000,20,1,50,sss,none,Anahita,random,True,0.5,simulation/data/preferences_PATIENTNAME.xlsx,0.8,False,1,simulation/data/therapeutic_actions_PATIENTNAME.csv,0.75,7,10,False,simulation/data/variables_simple.csv,11984.51428627968,8.214161949630178,8.214161949630178,18.17287923615831,6
0,False,True,0,1,uniform,1,1,10,0.04,0.01,7,0.25,random,0,none,4000,20,1,50,sss,none,Anahita,random,True,0.5,simulation/data/preferences_PATIENTNAME.xlsx,0.8,False,1,simulation/data/therapeutic_actions_PATIENTNAME.csv,0.75,8,10,False,simulation/data/variables_simple.csv,11792.19245910645,8.52385493054452,8.52385493054452,17.37996803473686,4
0,False,True,0,1,uniform,1,1,10,0.04,0.01,7,0.25,random,0,none,4000,20,1,50,sss,none,Anahita,random,True,0.5,simulation/data/preferences_PATIENTNAME.xlsx,0.8,False,1,simulation/data/therapeutic_actions_PATIENTNAME.csv,0.75,9,10,False,simulation/data/variables_simple.csv,12168.0574464798,9.151087621336158,9.151087621336158,21.28446022300479,1
0,False,True,0,1,uniform,1,1,10,0.04,0.01,7,0.25,random,0,none,4000,20,1,50,sss,none,Anahita,random,True,0.5,simulation/data/preferences_PATIENTNAME.xlsx,0.8,False,1,simulation/data/therapeutic_actions_PATIENTNAME.csv,0.75,0,10,False,simulation/data/variables_simple.csv,6301.064671754837,8.872995941978242,8.872995941978242,20.41772232381463,252
0,False,True,0,1,uniform,1,1,10,0.04,0.01,7,0.25,random,0,none,4000,20,1,50,sss,none,Anahita,random,True,0.5,simulation/data/preferences_PATIENTNAME.xlsx,0.8,False,1,simulation/data/therapeutic_actions_PATIENTNAME.csv,0.75,1,10,False,simulation/data/variables_simple.csv,6466.002165317535,7.595045267413708,7.595045267413708,10.37601824353481,4
0,False,True,0,1,uniform,1,1,10,0.04,0.01,7,0.25,random,0,none,4000,20,1,50,sss,none,Anahita,random,True,0.5,simulation/data/preferences_PATIENTNAME.xlsx,0.8,False,1,simulation/data/therapeutic_actions_PATIENTNAME.csv,0.75,10,10,False,simulation/data/variables_simple.csv,6511.272265911102,7.893589330319069,7.893589330319069,12.77171936975214,2
0,False,True,0,1,uniform,1,1,10,0.04,0.01,7,0.25,random,0,none,4000,20,1,50,sss,none,Anahita,random,True,0.5,simulation/data/preferences_PATIENTNAME.xlsx,0.8,False,1,simulation/data/therapeutic_actions_PATIENTNAME.csv,0.75,11,10,False,simulation/data/variables_simple.csv,6394.964732170105,9.12586545187371,9.12586545187371,21.4457225539252,3
0,False,True,0,1,uniform,1,1,10,0.04,0.01,7,0.25,random,0,none,4000,20,1,50,sss,none,Anahita,random,True,0.5,simulation/data/preferences_PATIENTNAME.xlsx,0.8,False,1,simulation/data/therapeutic_actions_PATIENTNAME.csv,0.75,12,10,False,simulation/data/variables_simple.csv,6315.186115026474,8.374982194121404,8.374982194121404,17.63877621606772,12
0,False,True,0,1,uniform,1,1,10,0.04,0.01,7,0.25,random,0,none,4000,20,1,50,sss,none,Anahita,random,True,0.5,simulation/data/preferences_PATIENTNAME.xlsx,0.8,False,1,simulation/data/therapeutic_actions_PATIENTNAME.csv,0.75,13,10,False,simulation/data/variables_simple.csv,6374.029838323593,8.535651853159004,8.535651853159004,19.02013152917538,2
0,False,True,0,1,uniform,1,1,10,0.04,0.01,7,0.25,random,0,none,4000,20,1,50,sss,none,Anahita,random,True,0.5,simulation/data/preferences_PATIENTNAME.xlsx,0.8,False,1,simulation/data/therapeutic_actions_PATIENTNAME.csv,0.75,14,10,False,simulation/data/variables_simple.csv,6394.496523857117,5.78629080004696,5.78629080004696,5.959331851247445,16
0,False,True,0,1,uniform,1,1,10,0.04,0.01,7,0.25,random,0,none,4000,20,1,50,sss,none,Anahita,random,True,0.5,simulation/data/preferences_PATIENTNAME.xlsx,0.8,False,1,simulation/data/therapeutic_actions_PATIENTNAME.csv,0.75,15,10,False,simulation/data/variables_simple.csv,6641.133586645126,8.244195981974519,8.244195981974519,14.43796999921763,27
0,False,True,0,1,uniform,1,1,10,0.04,0.01,7,0.25,random,0,none,4000,20,1,50,sss,none,Anahita,random,True,0.5,simulation/data/preferences_PATIENTNAME.xlsx,0.8,False,1,simulation/data/therapeutic_actions_PATIENTNAME.csv,0.75,16,10,False,simulation/data/variables_simple.csv,6402.030286073685,9.023511714349175,9.023511714349175,21.15665846379339,14
0,False,True,0,1,uniform,1,1,10,0.04,0.01,7,0.25,random,0,none,4000,20,1,50,sss,none,Anahita,random,True,0.5,simulation/data/preferences_PATIENTNAME.xlsx,0.8,False,1,simulation/data/therapeutic_actions_PATIENTNAME.csv,0.75,17,10,False,simulation/data/variables_simple.csv,6373.1140229702,9.21488794557322,9.21488794557322,21.25115925432564,2
0,False,True,0,1,uniform,1,1,10,0.04,0.01,7,0.25,random,0,none,4000,20,1,50,sss,none,Anahita,random,True,0.5,simulation/data/preferences_PATIENTNAME.xlsx,0.8,False,1,simulation/data/therapeutic_actions_PATIENTNAME.csv,0.75,18,10,False,simulation/data/variables_simple.csv,6415.604632139206,7.355559742602922,7.355559742602922,8.97105880046496,3
0,False,True,0,1,uniform,1,1,10,0.04,0.01,7,0.25,random,0,none,4000,20,1,50,sss,none,Anahita,random,True,0.5,simulation/data/preferences_PATIENTNAME.xlsx,0.8,False,1,simulation/data/therapeutic_actions_PATIENTNAME.csv,0.75,19,10,False,simulation/data/variables_simple.csv,6317.804838657379,8.287057961834892,8.287057961834892,15.51880802063399,682
0,False,True,0,1,uniform,1,1,10,0.04,0.01,7,0.25,random,0,none,4000,20,1,50,sss,none,Anahita,random,True,0.5,simulation/data/preferences_PATIENTNAME.xlsx,0.8,False,1,simulation/data/therapeutic_actions_PATIENTNAME.csv,0.75,2,10,False,simulation/data/variables_simple.csv,6477.707961797714,8.31497465395055,8.31497465395055,15.49868871499054,495
0,False,True,0,1,uniform,1,1,10,0.04,0.01,7,0.25,random,0,none,4000,20,1,50,sss,none,Anahita,random,True,0.5,simulation/data/preferences_PATIENTNAME.xlsx,0.8,False,1,simulation/data/therapeutic_actions_PATIENTNAME.csv,0.75,3,10,False,simulation/data/variables_simple.csv,6305.843893527985,9.042817217116855,9.042817217116855,20.84936859617858,3
0,False,True,0,1,uniform,1,1,10,0.04,0.01,7,0.25,random,0,none,4000,20,1,50,sss,none,Anahita,random,True,0.5,simulation/data/preferences_PATIENTNAME.xlsx,0.8,False,1,simulation/data/therapeutic_actions_PATIENTNAME.csv,0.75,4,10,False,simulation/data/variables_simple.csv,6321.317479133606,8.142692346713305,8.142692346713305,13.60340988520358,18
0,False,True,0,1,uniform,1,1,10,0.04,0.01,7,0.25,random,0,none,4000,20,1,50,sss,none,Anahita,random,True,0.5,simulation/data/preferences_PATIENTNAME.xlsx,0.8,False,1,simulation/data/therapeutic_actions_PATIENTNAME.csv,0.75,5,10,False,simulation/data/variables_simple.csv,6314.333931207657,8.88950278096254,8.88950278096254,20.76666807542096,260
0,False,True,0,1,uniform,1,1,10,0.04,0.01,7,0.25,random,0,none,4000,20,1,50,sss,none,Anahita,random,True,0.5,simulation/data/preferences_PATIENTNAME.xlsx,0.8,False,1,simulation/data/therapeutic_actions_PATIENTNAME.csv,0.75,6,10,False,simulation/data/variables_simple.csv,6380.273056745529,8.599503535224288,8.599503535224288,18.84550188162665,743
0,False,True,0,1,uniform,1,1,10,0.04,0.01,7,0.25,random,0,none,4000,20,1,50,sss,none,Anahita,random,True,0.5,simulation/data/preferences_PATIENTNAME.xlsx,0.8,False,1,simulation/data/therapeutic_actions_PATIENTNAME.csv,0.75,7,10,False,simulation/data/variables_simple.csv,6370.682357549667,8.812591846914106,8.812591846914106,20.33647958478244,2
0,False,True,0,1,uniform,1,1,10,0.04,0.01,7,0.25,random,0,none,4000,20,1,50,sss,none,Anahita,random,True,0.5,simulation/data/preferences_PATIENTNAME.xlsx,0.8,False,1,simulation/data/therapeutic_actions_PATIENTNAME.csv,0.75,8,10,False,simulation/data/variables_simple.csv,6433.925192832947,8.772197552622565,8.772197552622565,18.54429254398879,15
0,False,True,0,1,uniform,1,1,10,0.04,0.01,7,0.25,random,0,none,4000,20,1,50,sss,none,Anahita,random,True,0.5,simulation/data/preferences_PATIENTNAME.xlsx,0.8,False,1,simulation/data/therapeutic_actions_PATIENTNAME.csv,0.75,9,10,False,simulation/data/variables_simple.csv,6470.408085584641,8.81095295032319,8.81095295032319,20.05253056900278,2
0,False,True,0,1,uniform,1,1,10,0.04,0.01,7,0.25,random,0,none,4000,20,1,50,sss,none,Anahita,random,True,0.5,simulation/data/preferences_PATIENTNAME.xlsx,0.8,False,1,simulation/data/therapeutic_actions_PATIENTNAME.csv,0.75,0,10,False,simulation/data/variables_simple.csv,11823.15988588333,8.57318833502129,8.57318833502129,19.01934085860274,274
0,False,True,0,1,uniform,1,1,10,0.04,0.01,7,0.25,random,0,none,4000,20,1,50,sss,none,Anahita,random,True,0.5,simulation/data/preferences_PATIENTNAME.xlsx,0.8,False,1,simulation/data/therapeutic_actions_PATIENTNAME.csv,0.75,1,10,False,simulation/data/variables_simple.csv,12392.01624917984,6.833728011212102,6.833728011212102,6.766851546181973,5
0,False,True,0,1,uniform,1,1,10,0.04,0.01,7,0.25,random,0,none,4000,20,1,50,sss,none,Anahita,random,True,0.5,simulation/data/preferences_PATIENTNAME.xlsx,0.8,False,1,simulation/data/therapeutic_actions_PATIENTNAME.csv,0.75,10,10,False,simulation/data/variables_simple.csv,11943.54547357559,8.253191016391643,8.253191016391643,14.76218312057485,3
0,False,True,0,1,uniform,1,1,10,0.04,0.01,7,0.25,random,0,none,4000,20,1,50,sss,none,Anahita,random,True,0.5,simulation/data/preferences_PATIENTNAME.xlsx,0.8,False,1,simulation/data/therapeutic_actions_PATIENTNAME.csv,0.75,11,10,False,simulation/data/variables_simple.csv,11768.40334248543,8.94400379208614,8.94400379208614,20.50825960157169,1
0,False,True,0,1,uniform,1,1,10,0.04,0.01,7,0.25,random,0,none,4000,20,1,50,sss,none,Anahita,random,True,0.5,simulation/data/preferences_PATIENTNAME.xlsx,0.8,False,1,simulation/data/therapeutic_actions_PATIENTNAME.csv,0.75,12,10,False,simulation/data/variables_simple.csv,11928.39395999908,8.665502228860811,8.665502228860811,19.62866574424564,9
0,False,True,0,1,uniform,1,1,10,0.04,0.01,7,0.25,random,0,none,4000,20,1,50,sss,none,Anahita,random,True,0.5,simulation/data/preferences_PATIENTNAME.xlsx,0.8,False,1,simulation/data/therapeutic_actions_PATIENTNAME.csv,0.75,13,10,False,simulation/data/variables_simple.csv,11856.32629442215,9.051774591535066,9.051774591535066,21.92358481482496,0
0,False,True,0,1,uniform,1,1,10,0.04,0.01,7,0.25,random,0,none,4000,20,1,50,sss,none,Anahita,random,True,0.5,simulation/data/preferences_PATIENTNAME.xlsx,0.8,False,1,simulation/data/therapeutic_actions_PATIENTNAME.csv,0.75,14,10,False,simulation/data/variables_simple.csv,11719.05191874504,6.447857323866266,6.447857323866266,6.932121588522102,20
0,False,True,0,1,uniform,1,1,10,0.04,0.01,7,0.25,random,0,none,4000,20,1,50,sss,none,Anahita,random,True,0.5,simulation/data/preferences_PATIENTNAME.xlsx,0.8,False,1,simulation/data/therapeutic_actions_PATIENTNAME.csv,0.75,15,10,False,simulation/data/variables_simple.csv,12133.71940684319,8.294550680927552,8.294550680927552,15.63882320722114,26
0,False,True,0,1,uniform,1,1,10,0.04,0.01,7,0.25,random,0,none,4000,20,1,50,sss,none,Anahita,random,True,0.5,simulation/data/preferences_PATIENTNAME.xlsx,0.8,False,1,simulation/data/therapeutic_actions_PATIENTNAME.csv,0.75,16,10,False,simulation/data/variables_simple.csv,11912.78101277351,9.090262317910208,9.090262317910208,22.08728423907667,393
0,False,True,0,1,uniform,1,1,10,0.04,0.01,7,0.25,random,0,none,4000,20,1,50,sss,none,Anahita,random,True,0.5,simulation/data/preferences_PATIENTNAME.xlsx,0.8,False,1,simulation/data/therapeutic_actions_PATIENTNAME.csv,0.75,17,10,False,simulation/data/variables_simple.csv,11857.04674553871,8.861056713333197,8.861056713333197,19.77935545214001,1
0,False,True,0,1,uniform,1,1,10,0.04,0.01,7,0.25,random,0,none,4000,20,1,50,sss,none,Anahita,random,True,0.5,simulation/data/preferences_PATIENTNAME.xlsx,0.8,False,1,simulation/data/therapeutic_actions_PATIENTNAME.csv,0.75,18,10,False,simulation/data/variables_simple.csv,12108.31799983978,7.131029845741919,7.131029845741919,8.487189441029953,2
0,False,True,0,1,uniform,1,1,10,0.04,0.01,7,0.25,random,0,none,4000,20,1,50,sss,none,Anahita,random,True,0.5,simulation/data/preferences_PATIENTNAME.xlsx,0.8,False,1,simulation/data/therapeutic_actions_PATIENTNAME.csv,0.75,19,10,False,simulation/data/variables_simple.csv,11967.6318461895,7.761762095470456,7.761762095470456,13.96748803202725,493
0,False,True,0,1,uniform,1,1,10,0.04,0.01,7,0.25,random,0,none,4000,20,1,50,sss,none,Anahita,random,True,0.5,simulation/data/preferences_PATIENTNAME.xlsx,0.8,False,1,simulation/data/therapeutic_actions_PATIENTNAME.csv,0.75,2,10,False,simulation/data/variables_simple.csv,12039.38468980789,8.330878918344462,8.330878918344462,15.67684040982347,701
0,False,True,0,1,uniform,1,1,10,0.04,0.01,7,0.25,random,0,none,4000,20,1,50,sss,none,Anahita,random,True,0.5,simulation/data/preferences_PATIENTNAME.xlsx,0.8,False,1,simulation/data/therapeutic_actions_PATIENTNAME.csv,0.75,3,10,False,simulation/data/variables_simple.csv,11696.34270358086,8.655590517046633,8.655590517046633,19.07607519479488,4
0,False,True,0,1,uniform,1,1,10,0.04,0.01,7,0.25,random,0,none,4000,20,1,50,sss,none,Anahita,random,True,0.5,simulation/data/preferences_PATIENTNAME.xlsx,0.8,False,1,simulation/data/therapeutic_actions_PATIENTNAME.csv,0.75,4,10,False,simulation/data/variables_simple.csv,12081.69396162033,8.10513386496265,8.10513386496265,14.57431475706513,2
0,False,True,0,1,uniform,1,1,10,0.04,0.01,7,0.25,random,0,none,4000,20,1,50,sss,none,Anahita,random,True,0.5,simulation/data/preferences_PATIENTNAME.xlsx,0.8,False,1,simulation/data/therapeutic_actions_PATIENTNAME.csv,0.75,5,10,False,simulation/data/variables_simple.csv,11975.43421316147,8.699663468600578,8.699663468600578,19.83940452833591,747
0,False,True,0,1,uniform,1,1,10,0.04,0.01,7,0.25,random,0,none,4000,20,1,50,sss,none,Anahita,random,True,0.5,simulation/data/preferences_PATIENTNAME.xlsx,0.8,False,1,simulation/data/therapeutic_actions_PATIENTNAME.csv,0.75,6,10,False,simulation/data/variables_simple.csv,11976.47940444946,9.127716586213213,9.127716586213213,20.6903088911275,507
0,False,True,0,1,uniform,1,1,10,0.04,0.01,7,0.25,random,0,none,4000,20,1,50,sss,none,Anahita,random,True,0.5,simulation/data/preferences_PATIENTNAME.xlsx,0.8,False,1,simulation/data/therapeutic_actions_PATIENTNAME.csv,0.75,7,10,False,simulation/data/variables_simple.csv,11927.46809458733,9.024502448931948,9.024502448931948,20.84118429357546,3
0,False,True,0,1,uniform,1,1,10,0.04,0.01,7,0.25,random,0,none,4000,20,1,50,sss,none,Anahita,random,True,0.5,simulation/data/preferences_PATIENTNAME.xlsx,0.8,False,1,simulation/data/therapeutic_actions_PATIENTNAME.csv,0.75,8,10,False,simulation/data/variables_simple.csv,11828.6778280735,8.542666065757928,8.542666065757928,17.3734249691908,3
0,False,True,0,1,uniform,1,1,10,0.04,0.01,7,0.25,random,0,none,4000,20,1,50,sss,none,Anahita,random,True,0.5,simulation/data/preferences_PATIENTNAME.xlsx,0.8,False,1,simulation/data/therapeutic_actions_PATIENTNAME.csv,0.75,9,10,False,simulation/data/variables_simple.csv,11956.3151807785,8.495007221546974,8.495007221546974,17.8619547407386,3
0,False,True,0,1,uniform,1,1,10,0.04,0.01,7,0.25,random,0,none,4000,20,1,50,sss,none,Anahita,random,True,0.5,simulation/data/preferences_PATIENTNAME.xlsx,0.8,False,1,simulation/data/therapeutic_actions_PATIENTNAME.csv,0.75,0,10,False,simulation/data/variables_simple.csv,11992.96657323837,9.048293162262677,9.048293162262677,20.90870133278242,662
0,False,True,0,1,uniform,1,1,10,0.04,0.01,7,0.25,random,0,none,4000,20,1,50,sss,none,Anahita,random,True,0.5,simulation/data/preferences_PATIENTNAME.xlsx,0.8,False,1,simulation/data/therapeutic_actions_PATIENTNAME.csv,0.75,1,10,False,simulation/data/variables_simple.csv,12125.64673304558,7.172152916403665,7.172152916403665,8.232649239927207,5
0,False,True,0,1,uniform,1,1,10,0.04,0.01,7,0.25,random,0,none,4000,20,1,50,sss,none,Anahita,random,True,0.5,simulation/data/preferences_PATIENTNAME.xlsx,0.8,False,1,simulation/data/therapeutic_actions_PATIENTNAME.csv,0.75,10,10,False,simulation/data/variables_simple.csv,11545.08791160583,8.414075688832114,8.414075688832114,16.12110476955084,3
0,False,True,0,1,uniform,1,1,10,0.04,0.01,7,0.25,random,0,none,4000,20,1,50,sss,none,Anahita,random,True,0.5,simulation/data/preferences_PATIENTNAME.xlsx,0.8,False,1,simulation/data/therapeutic_actions_PATIENTNAME.csv,0.75,11,10,False,simulation/data/variables_simple.csv,11772.01376771927,8.882073103879762,8.882073103879762,20.41271380471988,6
0,False,True,0,1,uniform,1,1,10,0.04,0.01,7,0.25,random,0,none,4000,20,1,50,sss,none,Anahita,random,True,0.5,simulation/data/preferences_PATIENTNAME.xlsx,0.8,False,1,simulation/data/therapeutic_actions_PATIENTNAME.csv,0.75,12,10,False,simulation/data/variables_simple.csv,11853.2161552906,9.157503491005807,9.157503491005807,21.38982229538849,4
0,False,True,0,1,uniform,1,1,10,0.04,0.01,7,0.25,random,0,none,4000,20,1,50,sss,none,Anahita,random,True,0.5,simulation/data/preferences_PATIENTNAME.xlsx,0.8,False,1,simulation/data/therapeutic_actions_PATIENTNAME.csv,0.75,13,10,False,simulation/data/variables_simple.csv,11825.95692801476,8.910370513829852,8.910370513829852,20.83956165728678,8
0,False,True,0,1,uniform,1,1,10,0.04,0.01,7,0.25,random,0,none,4000,20,1,50,sss,none,Anahita,random,True,0.5,simulation/data/preferences_PATIENTNAME.xlsx,0.8,False,1,simulation/data/therapeutic_actions_PATIENTNAME.csv,0.75,14,10,False,simulation/data/variables_simple.csv,12120.10907387733,6.172406821770151,6.172406821770151,7.26728520301909,19
0,False,True,0,1,uniform,1,1,10,0.04,0.01,7,0.25,random,0,none,4000,20,1,50,sss,none,Anahita,random,True,0.5,simulation/data/preferences_PATIENTNAME.xlsx,0.8,False,1,simulation/data/therapeutic_actions_PATIENTNAME.csv,0.75,15,10,False,simulation/data/variables_simple.csv,12041.55486750603,8.471240875219397,8.471240875219397,16.74906292207821,24
0,False,True,0,1,uniform,1,1,10,0.04,0.01,7,0.25,random,0,none,4000,20,1,50,sss,none,Anahita,random,True,0.5,simulation/data/preferences_PATIENTNAME.xlsx,0.8,False,1,simulation/data/therapeutic_actions_PATIENTNAME.csv,0.75,16,10,False,simulation/data/variables_simple.csv,11656.74890422821,8.342966716806403,8.342966716806403,18.03883198366018,5
0,False,True,0,1,uniform,1,1,10,0.04,0.01,7,0.25,random,0,none,4000,20,1,50,sss,none,Anahita,random,True,0.5,simulation/data/preferences_PATIENTNAME.xlsx,0.8,False,1,simulation/data/therapeutic_actions_PATIENTNAME.csv,0.75,17,10,False,simulation/data/variables_simple.csv,11853.49731850624,8.519407475370304,8.519407475370304,18.38589845390895,10
0,False,True,0,1,uniform,1,1,10,0.04,0.01,7,0.25,random,0,none,4000,20,1,50,sss,none,Anahita,random,True,0.5,simulation/data/preferences_PATIENTNAME.xlsx,0.8,False,1,simulation/data/therapeutic_actions_PATIENTNAME.csv,0.75,18,10,False,simulation/data/variables_simple.csv,12031.64384865761,7.58256275747998,7.58256275747998,10.52681117243622,2
0,False,True,0,1,uniform,1,1,10,0.04,0.01,7,0.25,random,0,none,4000,20,1,50,sss,none,Anahita,random,True,0.5,simulation/data/preferences_PATIENTNAME.xlsx,0.8,False,1,simulation/data/therapeutic_actions_PATIENTNAME.csv,0.75,19,10,False,simulation/data/variables_simple.csv,12357.69450807571,8.015802108282896,8.015802108282896,14.69528299154304,434
0,False,True,0,1,uniform,1,1,10,0.04,0.01,7,0.25,random,0,none,4000,20,1,50,sss,none,Anahita,random,True,0.5,simulation/data/preferences_PATIENTNAME.xlsx,0.8,False,1,simulation/data/therapeutic_actions_PATIENTNAME.csv,0.75,2,10,False,simulation/data/variables_simple.csv,11689.18253993988,8.395156319864181,8.395156319864181,16.49675417188144,784
0,False,True,0,1,uniform,1,1,10,0.04,0.01,7,0.25,random,0,none,4000,20,1,50,sss,none,Anahita,random,True,0.5,simulation/data/preferences_PATIENTNAME.xlsx,0.8,False,1,simulation/data/therapeutic_actions_PATIENTNAME.csv,0.75,3,10,False,simulation/data/variables_simple.csv,12082.06342220306,8.925710205179513,8.925710205179513,20.21315075445345,8
0,False,True,0,1,uniform,1,1,10,0.04,0.01,7,0.25,random,0,none,4000,20,1,50,sss,none,Anahita,random,True,0.5,simulation/data/preferences_PATIENTNAME.xlsx,0.8,False,1,simulation/data/therapeutic_actions_PATIENTNAME.csv,0.75,4,10,False,simulation/data/variables_simple.csv,11932.90312957764,8.282707018476646,8.282707018476646,14.25389232571665,2
0,False,True,0,1,uniform,1,1,10,0.04,0.01,7,0.25,random,0,none,4000,20,1,50,sss,none,Anahita,random,True,0.5,simulation/data/preferences_PATIENTNAME.xlsx,0.8,False,1,simulation/data/therapeutic_actions_PATIENTNAME.csv,0.75,5,10,False,simulation/data/variables_simple.csv,11966.76874375343,8.871505339769875,8.871505339769875,20.61583946571335,678
0,False,True,0,1,uniform,1,1,10,0.04,0.01,7,0.25,random,0,none,4000,20,1,50,sss,none,Anahita,random,True,0.5,simulation/data/preferences_PATIENTNAME.xlsx,0.8,False,1,simulation/data/therapeutic_actions_PATIENTNAME.csv,0.75,6,10,False,simulation/data/variables_simple.csv,11712.48986649513,8.533899435195591,8.533899435195591,18.62492812730384,488
0,False,True,0,1,uniform,1,1,10,0.04,0.01,7,0.25,random,0,none,4000,20,1,50,sss,none,Anahita,random,True,0.5,simulation/data/preferences_PATIENTNAME.xlsx,0.8,False,1,simulation/data/therapeutic_actions_PATIENTNAME.csv,0.75,7,10,False,simulation/data/variables_simple.csv,11671.93950843811,9.0082436598901,9.0082436598901,20.62016537967551,4
0,False,True,0,1,uniform,1,1,10,0.04,0.01,7,0.25,random,0,none,4000,20,1,50,sss,none,Anahita,random,True,0.5,simulation/data/preferences_PATIENTNAME.xlsx,0.8,False,1,simulation/data/therapeutic_actions_PATIENTNAME.csv,0.75,8,10,False,simulation/data/variables_simple.csv,12159.76170229912,8.568067012010681,8.568067012010681,18.47911041355479,4
0,False,True,0,1,uniform,1,1,10,0.04,0.01,7,0.25,random,0,none,4000,20,1,50,sss,none,Anahita,random,True,0.5,simulation/data/preferences_PATIENTNAME.xlsx,0.8,False,1,simulation/data/therapeutic_actions_PATIENTNAME.csv,0.75,9,10,False,simulation/data/variables_simple.csv,11889.0755906105,8.349846950138556,8.349846950138556,17.44974336347481,2
0,False,True,0,1,uniform,1,1,10,0.04,0.01,7,0.25,random,0,none,4000,20,1,50,sss,none,Anahita,random,True,0.5,simulation/data/preferences_PATIENTNAME.xlsx,0.8,False,1,simulation/data/therapeutic_actions_PATIENTNAME.csv,0.75,0,10,False,simulation/data/variables_simple.csv,11642.9226102829,8.746120831583148,8.746120831583148,19.88261434530226,694
0,False,True,0,1,uniform,1,1,10,0.04,0.01,7,0.25,random,0,none,4000,20,1,50,sss,none,Anahita,random,True,0.5,simulation/data/preferences_PATIENTNAME.xlsx,0.8,False,1,simulation/data/therapeutic_actions_PATIENTNAME.csv,0.75,1,10,False,simulation/data/variables_simple.csv,12097.55453634262,7.343220487043829,7.343220487043829,9.94786596919107,7
0,False,True,0,1,uniform,1,1,10,0.04,0.01,7,0.25,random,0,none,4000,20,1,50,sss,none,Anahita,random,True,0.5,simulation/data/preferences_PATIENTNAME.xlsx,0.8,False,1,simulation/data/therapeutic_actions_PATIENTNAME.csv,0.75,10,10,False,simulation/data/variables_simple.csv,12029.62070608139,8.087916284398128,8.087916284398128,14.84362399558,3
0,False,True,0,1,uniform,1,1,10,0.04,0.01,7,0.25,random,0,none,4000,20,1,50,sss,none,Anahita,random,True,0.5,simulation/data/preferences_PATIENTNAME.xlsx,0.8,False,1,simulation/data/therapeutic_actions_PATIENTNAME.csv,0.75,11,10,False,simulation/data/variables_simple.csv,12299.88016080856,8.542631599484059,8.542631599484059,18.52729690920962,3
0,False,True,0,1,uniform,1,1,10,0.04,0.01,7,0.25,random,0,none,4000,20,1,50,sss,none,Anahita,random,True,0.5,simulation/data/preferences_PATIENTNAME.xlsx,0.8,False,1,simulation/data/therapeutic_actions_PATIENTNAME.csv,0.75,12,10,False,simulation/data/variables_simple.csv,12001.40789175034,8.521672187200265,8.521672187200265,18.63512304643902,38
0,False,True,0,1,uniform,1,1,10,0.04,0.01,7,0.25,random,0,none,4000,20,1,50,sss,none,Anahita,random,True,0.5,simulation/data/preferences_PATIENTNAME.xlsx,0.8,False,1,simulation/data/therapeutic_actions_PATIENTNAME.csv,0.75,13,10,False,simulation/data/variables_simple.csv,11824.57623052597,8.998897477880671,8.998897477880671,21.40837223615651,2
0,False,True,0,1,uniform,1,1,10,0.04,0.01,7,0.25,random,0,none,4000,20,1,50,sss,none,Anahita,random,True,0.5,simulation/data/preferences_PATIENTNAME.xlsx,0.8,False,1,simulation/data/therapeutic_actions_PATIENTNAME.csv,0.75,14,10,False,simulation/data/variables_simple.csv,11943.04346227646,6.261256772956733,6.261256772956733,6.438754081958664,10
0,False,True,0,1,uniform,1,1,10,0.04,0.01,7,0.25,random,0,none,4000,20,1,50,sss,none,Anahita,random,True,0.5,simulation/data/preferences_PATIENTNAME.xlsx,0.8,False,1,simulation/data/therapeutic_actions_PATIENTNAME.csv,0.75,15,10,False,simulation/data/variables_simple.csv,11933.97356247902,7.977018205623855,7.977018205623855,14.12812776481596,14
0,False,True,0,1,uniform,1,1,10,0.04,0.01,7,0.25,random,0,none,4000,20,1,50,sss,none,Anahita,random,True,0.5,simulation/data/preferences_PATIENTNAME.xlsx,0.8,False,1,simulation/data/therapeutic_actions_PATIENTNAME.csv,0.75,16,10,False,simulation/data/variables_simple.csv,11734.24378252029,8.844669573256947,8.844669573256947,20.12512378017577,8
0,False,True,0,1,uniform,1,1,10,0.04,0.01,7,0.25,random,0,none,4000,20,1,50,sss,none,Anahita,random,True,0.5,simulation/data/preferences_PATIENTNAME.xlsx,0.8,False,1,simulation/data/therapeutic_actions_PATIENTNAME.csv,0.75,17,10,False,simulation/data/variables_simple.csv,11951.40468120575,8.899629180919295,8.899629180919295,20.6342475856351,2
0,False,True,0,1,uniform,1,1,10,0.04,0.01,7,0.25,random,0,none,4000,20,1,50,sss,none,Anahita,random,True,0.5,simulation/data/preferences_PATIENTNAME.xlsx,0.8,False,1,simulation/data/therapeutic_actions_PATIENTNAME.csv,0.75,18,10,False,simulation/data/variables_simple.csv,11834.10544610023,7.652711344137562,7.652711344137562,10.41612781542692,2
0,False,True,0,1,uniform,1,1,10,0.04,0.01,7,0.25,random,0,none,4000,20,1,50,sss,none,Anahita,random,True,0.5,simulation/data/preferences_PATIENTNAME.xlsx,0.8,False,1,simulation/data/therapeutic_actions_PATIENTNAME.csv,0.75,19,10,False,simulation/data/variables_simple.csv,11620.10099434853,8.527324191275657,8.527324191275657,16.69429296916221,574
0,False,True,0,1,uniform,1,1,10,0.04,0.01,7,0.25,random,0,none,4000,20,1,50,sss,none,Anahita,random,True,0.5,simulation/data/preferences_PATIENTNAME.xlsx,0.8,False,1,simulation/data/therapeutic_actions_PATIENTNAME.csv,0.75,2,10,False,simulation/data/variables_simple.csv,12060.6114051342,8.305301985735424,8.305301985735424,15.78318986162992,766
0,False,True,0,1,uniform,1,1,10,0.04,0.01,7,0.25,random,0,none,4000,20,1,50,sss,none,Anahita,random,True,0.5,simulation/data/preferences_PATIENTNAME.xlsx,0.8,False,1,simulation/data/therapeutic_actions_PATIENTNAME.csv,0.75,3,10,False,simulation/data/variables_simple.csv,12017.39893984795,9.172060615916184,9.172060615916184,21.76237258474751,6
0,False,True,0,1,uniform,1,1,10,0.04,0.01,7,0.25,random,0,none,4000,20,1,50,sss,none,Anahita,random,True,0.5,simulation/data/preferences_PATIENTNAME.xlsx,0.8,False,1,simulation/data/therapeutic_actions_PATIENTNAME.csv,0.75,4,10,False,simulation/data/variables_simple.csv,11722.36206269264,8.08046827595419,8.08046827595419,13.75807185811332,1
0,False,True,0,1,uniform,1,1,10,0.04,0.01,7,0.25,random,0,none,4000,20,1,50,sss,none,Anahita,random,True,0.5,simulation/data/preferences_PATIENTNAME.xlsx,0.8,False,1,simulation/data/therapeutic_actions_PATIENTNAME.csv,0.75,5,10,False,simulation/data/variables_simple.csv,11804.52734017372,8.860748405851592,8.860748405851592,20.38389897353861,748
0,False,True,0,1,uniform,1,1,10,0.04,0.01,7,0.25,random,0,none,4000,20,1,50,sss,none,Anahita,random,True,0.5,simulation/data/preferences_PATIENTNAME.xlsx,0.8,False,1,simulation/data/therapeutic_actions_PATIENTNAME.csv,0.75,6,10,False,simulation/data/variables_simple.csv,11975.21243643761,8.647658932471819,8.647658932471819,19.62930489122219,499
0,False,True,0,1,uniform,1,1,10,0.04,0.01,7,0.25,random,0,none,4000,20,1,50,sss,none,Anahita,random,True,0.5,simulation/data/preferences_PATIENTNAME.xlsx,0.8,False,1,simulation/data/therapeutic_actions_PATIENTNAME.csv,0.75,7,10,False,simulation/data/variables_simple.csv,12010.32565116882,8.696819889981223,8.696819889981223,20.39702709032649,11
0,False,True,0,1,uniform,1,1,10,0.04,0.01,7,0.25,random,0,none,4000,20,1,50,sss,none,Anahita,random,True,0.5,simulation/data/preferences_PATIENTNAME.xlsx,0.8,False,1,simulation/data/therapeutic_actions_PATIENTNAME.csv,0.75,8,10,False,simulation/data/variables_simple.csv,11844.74308896065,8.526564229524045,8.526564229524045,17.43950263570935,6
0,False,True,0,1,uniform,1,1,10,0.04,0.01,7,0.25,random,0,none,4000,20,1,50,sss,none,Anahita,random,True,0.5,simulation/data/preferences_PATIENTNAME.xlsx,0.8,False,1,simulation/data/therapeutic_actions_PATIENTNAME.csv,0.75,9,10,False,simulation/data/variables_simple.csv,11630.30879640579,8.165628908261839,8.165628908261839,17.09769952419644,10
0,False,True,0,1,uniform,1,1,10,0.04,0.01,7,0.25,random,0,none,4000,20,1,50,sss,none,Anahita,random,True,0.5,simulation/data/preferences_PATIENTNAME.xlsx,0.8,False,1,simulation/data/therapeutic_actions_PATIENTNAME.csv,0.75,0,10,False,simulation/data/variables_simple.csv,5283.0977435112,9.291773750507478,9.291773750507478,21.93350028332326,759
0,False,True,0,1,uniform,1,1,10,0.04,0.01,7,0.25,random,0,none,4000,20,1,50,sss,none,Anahita,random,True,0.5,simulation/data/preferences_PATIENTNAME.xlsx,0.8,False,1,simulation/data/therapeutic_actions_PATIENTNAME.csv,0.75,1,10,False,simulation/data/variables_simple.csv,5355.714494466782,7.396568297110316,7.396568297110316,9.459502237585857,7
0,False,True,0,1,uniform,1,1,10,0.04,0.01,7,0.25,random,0,none,4000,20,1,50,sss,none,Anahita,random,True,0.5,simulation/data/preferences_PATIENTNAME.xlsx,0.8,False,1,simulation/data/therapeutic_actions_PATIENTNAME.csv,0.75,10,10,False,simulation/data/variables_simple.csv,5319.027153015137,8.348298998072632,8.348298998072632,15.33591546960782,5
0,False,True,0,1,uniform,1,1,10,0.04,0.01,7,0.25,random,0,none,4000,20,1,50,sss,none,Anahita,random,True,0.5,simulation/data/preferences_PATIENTNAME.xlsx,0.8,False,1,simulation/data/therapeutic_actions_PATIENTNAME.csv,0.75,11,10,False,simulation/data/variables_simple.csv,5307.342394590378,8.703530712756008,8.703530712756008,19.50667887192044,7
0,False,True,0,1,uniform,1,1,10,0.04,0.01,7,0.25,random,0,none,4000,20,1,50,sss,none,Anahita,random,True,0.5,simulation/data/preferences_PATIENTNAME.xlsx,0.8,False,1,simulation/data/therapeutic_actions_PATIENTNAME.csv,0.75,12,10,False,simulation/data/variables_simple.csv,5343.103995084763,8.689102516700666,8.689102516700666,19.58121353932824,231
0,False,True,0,1,uniform,1,1,10,0.04,0.01,7,0.25,random,0,none,4000,20,1,50,sss,none,Anahita,random,True,0.5,simulation/data/preferences_PATIENTNAME.xlsx,0.8,False,1,simulation/data/therapeutic_actions_PATIENTNAME.csv,0.75,13,10,False,simulation/data/variables_simple.csv,5294.438166618347,8.873101269987883,8.873101269987883,20.48038667678358,5
0,False,True,0,1,uniform,1,1,10,0.04,0.01,7,0.25,random,0,none,4000,20,1,50,sss,none,Anahita,random,True,0.5,simulation/data/preferences_PATIENTNAME.xlsx,0.8,False,1,simulation/data/therapeutic_actions_PATIENTNAME.csv,0.75,14,10,False,simulation/data/variables_simple.csv,5342.330716848373,5.744320242979784,5.744320242979784,6.25450206710779,4
0,False,True,0,1,uniform,1,1,10,0.04,0.01,7,0.25,random,0,none,4000,20,1,50,sss,none,Anahita,random,True,0.5,simulation/data/preferences_PATIENTNAME.xlsx,0.8,False,1,simulation/data/therapeutic_actions_PATIENTNAME.csv,0.75,15,10,False,simulation/data/variables_simple.csv,5336.126902103424,8.365214571747442,8.365214571747442,16.05725670819951,6
0,False,True,0,1,uniform,1,1,10,0.04,0.01,7,0.25,random,0,none,4000,20,1,50,sss,none,Anahita,random,True,0.5,simulation/data/preferences_PATIENTNAME.xlsx,0.8,False,1,simulation/data/therapeutic_actions_PATIENTNAME.csv,0.75,16,10,False,simulation/data/variables_simple.csv,5293.574914455414,9.37535340723253,9.37535340723253,22.16106653518193,3
0,False,True,0,1,uniform,1,1,10,0.04,0.01,7,0.25,random,0,none,4000,20,1,50,sss,none,Anahita,random,True,0.5,simulation/data/preferences_PATIENTNAME.xlsx,0.8,False,1,simulation/data/therapeutic_actions_PATIENTNAME.csv,0.75,17,10,False,simulation/data/variables_simple.csv,5329.950609922409,8.335531176630905,8.335531176630905,17.9288676000078,7
0,False,True,0,1,uniform,1,1,10,0.04,0.01,7,0.25,random,0,none,4000,20,1,50,sss,none,Anahita,random,True,0.5,simulation/data/preferences_PATIENTNAME.xlsx,0.8,False,1,simulation/data/therapeutic_actions_PATIENTNAME.csv,0.75,18,10,False,simulation/data/variables_simple.csv,5344.151371479034,7.167796252059732,7.167796252059732,8.299932775044828,1
0,False,True,0,1,uniform,1,1,10,0.04,0.01,7,0.25,random,0,none,4000,20,1,50,sss,none,Anahita,random,True,0.5,simulation/data/preferences_PATIENTNAME.xlsx,0.8,False,1,simulation/data/therapeutic_actions_PATIENTNAME.csv,0.75,19,10,False,simulation/data/variables_simple.csv,5352.588224172592,8.176387208824684,8.176387208824684,15.57251021927578,310
0,False,True,0,1,uniform,1,1,10,0.04,0.01,7,0.25,random,0,none,4000,20,1,50,sss,none,Anahita,random,True,0.5,simulation/data/preferences_PATIENTNAME.xlsx,0.8,False,1,simulation/data/therapeutic_actions_PATIENTNAME.csv,0.75,2,10,False,simulation/data/variables_simple.csv,5273.67365193367,8.54353422284792,8.54353422284792,16.32051265750222,725
0,False,True,0,1,uniform,1,1,10,0.04,0.01,7,0.25,random,0,none,4000,20,1,50,sss,none,Anahita,random,True,0.5,simulation/data/preferences_PATIENTNAME.xlsx,0.8,False,1,simulation/data/therapeutic_actions_PATIENTNAME.csv,0.75,3,10,False,simulation/data/variables_simple.csv,5308.471424102783,9.521521261994586,9.521521261994586,22.37484781179559,0
0,False,True,0,1,uniform,1,1,10,0.04,0.01,7,0.25,random,0,none,4000,20,1,50,sss,none,Anahita,random,True,0.5,simulation/data/preferences_PATIENTNAME.xlsx,0.8,False,1,simulation/data/therapeutic_actions_PATIENTNAME.csv,0.75,4,10,False,simulation/data/variables_simple.csv,5327.875815629959,8.147349760435695,8.147349760435695,13.87255749039326,1
0,False,True,0,1,uniform,1,1,10,0.04,0.01,7,0.25,random,0,none,4000,20,1,50,sss,none,Anahita,random,True,0.5,simulation/data/preferences_PATIENTNAME.xlsx,0.8,False,1,simulation/data/therapeutic_actions_PATIENTNAME.csv,0.75,5,10,False,simulation/data/variables_simple.csv,5390.576486110687,8.934756267667705,8.934756267667705,20.77834004842671,716
0,False,True,0,1,uniform,1,1,10,0.04,0.01,7,0.25,random,0,none,4000,20,1,50,sss,none,Anahita,random,True,0.5,simulation/data/preferences_PATIENTNAME.xlsx,0.8,False,1,simulation/data/therapeutic_actions_PATIENTNAME.csv,0.75,6,10,False,simulation/data/variables_simple.csv,5269.598071813583,8.69789520210243,8.69789520210243,20.12056360203524,390
0,False,True,0,1,uniform,1,1,10,0.04,0.01,7,0.25,random,0,none,4000,20,1,50,sss,none,Anahita,random,True,0.5,simulation/data/preferences_PATIENTNAME.xlsx,0.8,False,1,simulation/data/therapeutic_actions_PATIENTNAME.csv,0.75,7,10,False,simulation/data/variables_simple.csv,5308.023346662521,8.784443439205623,8.784443439205623,20.88587100063967,7
0,False,True,0,1,uniform,1,1,10,0.04,0.01,7,0.25,random,0,none,4000,20,1,50,sss,none,Anahita,random,True,0.5,simulation/data/preferences_PATIENTNAME.xlsx,0.8,False,1,simulation/data/therapeutic_actions_PATIENTNAME.csv,0.75,8,10,False,simulation/data/variables_simple.csv,5275.796714544296,8.684753250487583,8.684753250487583,17.93995123920488,9
0,False,True,0,1,uniform,1,1,10,0.04,0.01,7,0.25,random,0,none,4000,20,1,50,sss,none,Anahita,random,True,0.5,simulation/data/preferences_PATIENTNAME.xlsx,0.8,False,1,simulation/data/therapeutic_actions_PATIENTNAME.csv,0.75,9,10,False,simulation/data/variables_simple.csv,5246.856969833374,8.276654841100799,8.276654841100799,17.18605746237862,6
0,False,True,0,1,uniform,1,1,10,0.04,0.01,7,0.25,random,0,none,4000,20,1,50,sss,none,Anahita,random,True,0.5,simulation/data/preferences_PATIENTNAME.xlsx,0.8,False,1,simulation/data/therapeutic_actions_PATIENTNAME.csv,0.75,0,10,False,simulation/data/variables_simple.csv,5366.546781301498,8.865075398114374,8.865075398114374,19.88676003626102,391
0,False,True,0,1,uniform,1,1,10,0.04,0.01,7,0.25,random,0,none,4000,20,1,50,sss,none,Anahita,random,True,0.5,simulation/data/preferences_PATIENTNAME.xlsx,0.8,False,1,simulation/data/therapeutic_actions_PATIENTNAME.csv,0.75,1,10,False,simulation/data/variables_simple.csv,5371.669178009033,7.654994164063985,7.654994164063985,11.28997234810883,20
0,False,True,0,1,uniform,1,1,10,0.04,0.01,7,0.25,random,0,none,4000,20,1,50,sss,none,Anahita,random,True,0.5,simulation/data/preferences_PATIENTNAME.xlsx,0.8,False,1,simulation/data/therapeutic_actions_PATIENTNAME.csv,0.75,10,10,False,simulation/data/variables_simple.csv,5257.320021390915,8.382148527032797,8.382148527032797,15.48335622091659,4
0,False,True,0,1,uniform,1,1,10,0.04,0.01,7,0.25,random,0,none,4000,20,1,50,sss,none,Anahita,random,True,0.5,simulation/data/preferences_PATIENTNAME.xlsx,0.8,False,1,simulation/data/therapeutic_actions_PATIENTNAME.csv,0.75,11,10,False,simulation/data/variables_simple.csv,5221.819430828094,8.331710765654414,8.331710765654414,18.17932312141661,2
0,False,True,0,1,uniform,1,1,10,0.04,0.01,7,0.25,random,0,none,4000,20,1,50,sss,none,Anahita,random,True,0.5,simulation/data/preferences_PATIENTNAME.xlsx,0.8,False,1,simulation/data/therapeutic_actions_PATIENTNAME.csv,0.75,12,10,False,simulation/data/variables_simple.csv,5318.791563749313,8.672969234101833,8.672969234101833,19.66983753070985,6
0,False,True,0,1,uniform,1,1,10,0.04,0.01,7,0.25,random,0,none,4000,20,1,50,sss,none,Anahita,random,True,0.5,simulation/data/preferences_PATIENTNAME.xlsx,0.8,False,1,simulation/data/therapeutic_actions_PATIENTNAME.csv,0.75,13,10,False,simulation/data/variables_simple.csv,5377.656810045242,8.391063883600422,8.391063883600422,18.81157964733274,4
0,False,True,0,1,uniform,1,1,10,0.04,0.01,7,0.25,random,0,none,4000,20,1,50,sss,none,Anahita,random,True,0.5,simulation/data/preferences_PATIENTNAME.xlsx,0.8,False,1,simulation/data/therapeutic_actions_PATIENTNAME.csv,0.75,14,10,False,simulation/data/variables_simple.csv,5417.382620573044,6.013446727539434,6.013446727539434,7.136066331125972,7
0,False,True,0,1,uniform,1,1,10,0.04,0.01,7,0.25,random,0,none,4000,20,1,50,sss,none,Anahita,random,True,0.5,simulation/data/preferences_PATIENTNAME.xlsx,0.8,False,1,simulation/data/therapeutic_actions_PATIENTNAME.csv,0.75,15,10,False,simulation/data/variables_simple.csv,5411.839260816574,8.567257214640591,8.567257214640591,16.54267247595299,4
0,False,True,0,1,uniform,1,1,10,0.04,0.01,7,0.25,random,0,none,4000,20,1,50,sss,none,Anahita,random,True,0.5,simulation/data/preferences_PATIENTNAME.xlsx,0.8,False,1,simulation/data/therapeutic_actions_PATIENTNAME.csv,0.75,16,10,False,simulation/data/variables_simple.csv,5298.89092040062,8.500973453284333,8.500973453284333,18.9811026923843,53
0,False,True,0,1,uniform,1,1,10,0.04,0.01,7,0.25,random,0,none,4000,20,1,50,sss,none,Anahita,random,True,0.5,simulation/data/preferences_PATIENTNAME.xlsx,0.8,False,1,simulation/data/therapeutic_actions_PATIENTNAME.csv,0.75,17,10,False,simulation/data/variables_simple.csv,5241.869464159012,8.784535030871481,8.784535030871481,19.35848693291623,4
0,False,True,0,1,uniform,1,1,10,0.04,0.01,7,0.25,random,0,none,4000,20,1,50,sss,none,Anahita,random,True,0.5,simulation/data/preferences_PATIENTNAME.xlsx,0.8,False,1,simulation/data/therapeutic_actions_PATIENTNAME.csv,0.75,18,10,False,simulation/data/variables_simple.csv,5257.936656236649,7.538535503393189,7.538535503393189,9.970358836990533,5
0,False,True,0,1,uniform,1,1,10,0.04,0.01,7,0.25,random,0,none,4000,20,1,50,sss,none,Anahita,random,True,0.5,simulation/data/preferences_PATIENTNAME.xlsx,0.8,False,1,simulation/data/therapeutic_actions_PATIENTNAME.csv,0.75,19,10,False,simulation/data/variables_simple.csv,5332.492267131805,8.212018179213388,8.212018179213388,14.9070871934474,321
0,False,True,0,1,uniform,1,1,10,0.04,0.01,7,0.25,random,0,none,4000,20,1,50,sss,none,Anahita,random,True,0.5,simulation/data/preferences_PATIENTNAME.xlsx,0.8,False,1,simulation/data/therapeutic_actions_PATIENTNAME.csv,0.75,2,10,False,simulation/data/variables_simple.csv,5276.171613454819,8.215684224294785,8.215684224294785,15.65958829762034,424
0,False,True,0,1,uniform,1,1,10,0.04,0.01,7,0.25,random,0,none,4000,20,1,50,sss,none,Anahita,random,True,0.5,simulation/data/preferences_PATIENTNAME.xlsx,0.8,False,1,simulation/data/therapeutic_actions_PATIENTNAME.csv,0.75,3,10,False,simulation/data/variables_simple.csv,5362.391960144043,8.769505719659932,8.769505719659932,19.0530366767968,2
0,False,True,0,1,uniform,1,1,10,0.04,0.01,7,0.25,random,0,none,4000,20,1,50,sss,none,Anahita,random,True,0.5,simulation/data/preferences_PATIENTNAME.xlsx,0.8,False,1,simulation/data/therapeutic_actions_PATIENTNAME.csv,0.75,4,10,False,simulation/data/variables_simple.csv,5275.267462253571,8.412452861679073,8.412452861679073,15.3002377342318,4
0,False,True,0,1,uniform,1,1,10,0.04,0.01,7,0.25,random,0,none,4000,20,1,50,sss,none,Anahita,random,True,0.5,simulation/data/preferences_PATIENTNAME.xlsx,0.8,False,1,simulation/data/therapeutic_actions_PATIENTNAME.csv,0.75,5,10,False,simulation/data/variables_simple.csv,5323.078048229218,9.08788631835064,9.08788631835064,21.38649320513928,735
0,False,True,0,1,uniform,1,1,10,0.04,0.01,7,0.25,random,0,none,4000,20,1,50,sss,none,Anahita,random,True,0.5,simulation/data/preferences_PATIENTNAME.xlsx,0.8,False,1,simulation/data/therapeutic_actions_PATIENTNAME.csv,0.75,6,10,False,simulation/data/variables_simple.csv,5309.851193189621,8.70039764272749,8.70039764272749,19.54131864338886,539
0,False,True,0,1,uniform,1,1,10,0.04,0.01,7,0.25,random,0,none,4000,20,1,50,sss,none,Anahita,random,True,0.5,simulation/data/preferences_PATIENTNAME.xlsx,0.8,False,1,simulation/data/therapeutic_actions_PATIENTNAME.csv,0.75,7,10,False,simulation/data/variables_simple.csv,5251.274058818817,8.585851269668503,8.585851269668503,19.295033349011,5
0,False,True,0,1,uniform,1,1,10,0.04,0.01,7,0.25,random,0,none,4000,20,1,50,sss,none,Anahita,random,True,0.5,simulation/data/preferences_PATIENTNAME.xlsx,0.8,False,1,simulation/data/therapeutic_actions_PATIENTNAME.csv,0.75,8,10,False,simulation/data/variables_simple.csv,5318.411494255066,8.458117972524462,8.458117972524462,17.33629517252874,10
0,False,True,0,1,uniform,1,1,10,0.04,0.01,7,0.25,random,0,none,4000,20,1,50,sss,none,Anahita,random,True,0.5,simulation/data/preferences_PATIENTNAME.xlsx,0.8,False,1,simulation/data/therapeutic_actions_PATIENTNAME.csv,0.75,9,10,False,simulation/data/variables_simple.csv,5241.724613904953,8.571718419921334,8.571718419921334,18.38456735126484,4
